,vaxtype,daily_total,daily_nonserious_mysj_dose1,daily_nonserious_mysj_dose2,d1_site_swelling,d1_site_redness,d1_tiredness,d1_headache,d1_muscle_pain,d1_joint_pain,d1_weakness,d1_fever,d1_vomiting,d1_chills,d1_rash,d2_site_swelling,d2_site_redness,d2_tiredness,d2_headache,d2_muscle_pain,d2_joint_pain,d2_weakness,d2_fever,d2_vomiting,d2_chills,d2_rash,pfizer1,pfizer2,sinovac1,sinovac2,astra1,astra2
105,astrazeneca,139,139,0,7,2,73,62,40,19,51,57,16,62,2,0,0,0,0,0,0,0,0,0,0,0,22192,19742,5339,3175,4619,0
106,pfizer,3901,2017,1787,450,127,974,759,569,304,552,251,263,231,102,408,111,867,679,503,266,481,216,228,199,80,22192,19742,5339,3175,4619,0
107,sinovac,424,256,160,12,6,129,101,46,40,76,24,41,25,12,10,5,89,65,33,28,55,18,24,15,9,22192,19742,5339,3175,4619,0
108,astrazeneca,95,94,0,7,2,71,37,26,20,42,48,10,47,2,0,0,0,0,0,0,0,0,0,0,0,26292,13812,7222,4980,3595,0
109,pfizer,2311,1186,1012,256,72,586,434,359,184,340,211,161,196,52,233,63,509,364,324,161,287,183,135,170,42,26292,13812,7222,4980,3595,0
110,sinovac,505,292,202,15,7,142,120,59,37,79,30,37,26,10,8,5,108,82,45,27,51,22,25,16,8,26292,13812,7222,4980,3595,0
111,astrazeneca,86,86,0,5,2,55,39,32,27,38,44,7,41,2,0,0,0,0,0,0,0,0,0,0,0,17416,11280,11371,4217,3589,0
112,pfizer,2255,1148,961,249,80,565,436,368,201,354,223,152,214,62,211,70,476,375,308,164,292,186,125,187,49,17416,11280,11371,4217,3589,0
113,sinovac,571,329,233,18,7,162,135,80,55,91,32,50,37,14,13,5,121,98,57,41,66,21,41,24,12,17416,11280,11371,4217,3589,0
114,astrazeneca,134,134,0,5,3,83,53,39,30,55,67,5,56,2,0,0,0,0,0,0,0,0,0,0,0,12351,7122,2718,1326,3654,1
115,pfizer,1239,646,564,135,33,267,211,187,100,155,84,80,58,27,124,30,233,187,161,88,137,77,77,54,23,12351,7122,2718,1326,3654,1
116,sinovac,163,86,75,7,5,54,34,19,13,33,13,12,7,5,5,5,45,31,17,12,26,13,11,7,3,12351,7122,2718,1326,3654,1
117,astrazeneca,72,72,0,7,1,43,39,24,17,30,39,5,33,1,0,0,0,0,0,0,0,0,0,0,0,17349,5834,4975,771,3611,0
118,pfizer,871,465,387,93,22,224,145,126,63,128,70,60,62,15,82,20,197,121,108,52,107,61,44,55,11,17349,5834,4975,771,3611,0
119,sinovac,68,39,26,2,2,27,17,8,5,18,6,6,6,3,2,0,21,13,6,4,13,4,6,5,2,17349,5834,4975,771,3611,0
120,astrazeneca,72,72,0,48,7,1,43,39,24,17,30,39,5,33,0,0,0,0,0,0,0,0,0,0,0,26121,21907,7067,2979,3567,0
121,pfizer,3108,1567,1323,331,73,814,500,441,248,470,240,195,194,59,287,57,696,403,369,206,397,205,163,163,50,26121,21907,7067,2979,3567,0
122,sinovac,224,124,87,8,4,58,54,25,17,25,17,20,12,5,4,2,46,39,20,12,22,10,0,0,0,26121,21907,7067,2979,3567,0
123,astrazeneca,293,293,0,15,253,211,160,118,182,228,66,182,40,1,0,0,0,0,0,0,0,0,0,0,0,21771,16374,5128,2091,3658,0
124,pfizer,1835,1028,731,215,63,487,338,282,145,287,147,135,112,37,165,41,353,246,202,108,201,106,92,81,26,21771,16374,5128,2091,3658,0
125,sinovac,260,151,98,9,2,80,59,33,17,48,23,30,14,7,5,2,54,36,24,14,32,14,18,8,7,21771,16374,5128,2091,3658,0
126,astrazeneca,75,74,0,49,7,3,48,27,31,20,36,33,8,30,0,0,0,0,0,0,0,0,0,0,0,5405,7570,1478,262,3470,0
127,pfizer,731,431,220,68,21,192,129,116,62,105,59,43,54,8,37,14,94,59,58,29,50,31,17,24,6,5405,7570,1478,262,3470,0
128,sinovac,75,43,14,3,2,20,20,8,8,12,6,8,3,2,0,0,7,4,2,2,3,1,2,0,0,5405,7570,1478,262,3470,0
129,astrazeneca,0,0,0,0,0,0,0,0,0,0,0,0,0,0,0,0,0,0,0,0,0,0,0,0,0,2,4,111,7,0,0
130,pfizer,4,0,0,0,0,0,0,0,0,0,0,0,0,0,0,0,0,0,0,0,0,0,0,0,0,2,4,111,7,0,0
131,sinovac,3,1,1,0,0,0,1,0,0,0,0,0,0,0,0,0,0,1,0,0,0,0,0,0,0,2,4,111,7,0,0
132,astrazeneca,1,0,0,0,0,0,0,0,0,0,0,0,0,0,0,0,0,0,0,0,0,0,0,0,0,1,0,60,9,0,0
133,pfizer,14,1,0,0,0,1,0,0,0,0,0,0,0,0,0,0,0,0,0,0,0,0,0,0,0,1,0,60,9,0,0
134,sinovac,2,0,0,0,0,0,0,0,0,0,0,0,0,0,0,0,0,0,0,0,0,0,0,0,0,1,0,60,9,0,0
135,astrazeneca,235,235,0,15,3,127,92,90,48,99,102,23,87,4,0,0,0,0,0,0,0,0,0,0,0,442,597,153,6,9810,1
136,pfizer,47,33,9,3,1,12,10,6,3,5,5,2,1,0,1,1,3,3,3,1,2,3,0,0,0,442,597,153,6,9810,1
137,sinovac,0,0,0,0,0,0,0,0,0,0,0,0,0,0,0,0,0,0,0,0,0,0,0,0,0,442,597,153,6,9810,1
138,astrazeneca,205,198,0,21,6,120,90,86,58,91,84,24,78,5,0,0,0,0,0,0,0,0,0,0,0,12,203,8,131,10030,0
139,pfizer,34,11,7,3,0,0,3,4,2,1,4,3,2,1,0,0,3,4,2,1,4,3,2,1,1,12,203,8,131,10030,0
140,sinovac,2,1,1,0,1,0,0,0,0,0,0,0,0,0,0,1,0,0,0,0,0,0,0,0,0,12,203,8,131,10030,0
141,astrazeneca,198,197,0,18,8,128,95,69,56,99,87,25,80,6,0,0,0,0,0,0,0,0,0,0,0,19917,26876,2082,1344,10530,0
142,pfizer,2019,1195,784,224,65,534,359,326,156,308,177,145,129,42,150,45,370,222,212,105,195,118,87,81,24,19917,26876,2082,1344,10530,0
143,sinovac,119,80,34,6,3,46,41,19,15,24,10,12,10,0,3,1,17,18,8,5,10,6,4,7,0,19917,26876,2082,1344,10530,0
144,astrazeneca,120,114,0,9,3,74,47,35,25,50,42,12,52,2,0,0,0,0,0,0,0,0,0,0,0,30675,30003,4655,2413,10561,1
145,pfizer,1958,1090,833,222,62,449,303,272,132,251,153,97,114,38,183,52,354,234,221,107,191,130,72,95,29,30675,30003,4655,2413,10561,1
146,sinovac,207,120,83,9,2,54,36,23,13,28,14,16,12,4,8,2,38,26,17,9,23,10,11,7,2,30675,30003,4655,2413,10561,1
147,astrazeneca,138,137,0,12,6,71,61,43,37,62,51,16,60,4,0,0,0,0,0,0,0,0,0,0,0,30366,32344,9314,1818,10590,1
148,pfizer,2664,1462,1154,318,89,635,381,378,201,357,232,132,207,45,260,78,527,301,316,155,286,187,103,175,37,30366,32344,9314,1818,10590,1
149,sinovac,217,130,79,9,5,63,66,28,26,32,21,20,11,8,6,4,47,42,22,21,27,15,12,6,6,30366,32344,9314,1818,10590,1
150,astrazeneca,105,104,0,7,1,61,51,30,26,49,44,12,42,2,0,0,0,0,0,0,0,0,0,0,0,32959,20832,15268,1183,11129,1
151,pfizer,1538,851,631,148,38,382,256,231,115,227,160,101,115,32,119,32,297,190,180,86,172,125,77,93,30,32959,20832,15268,1183,11129,1
152,sinovac,128,88,30,5,2,41,42,17,9,22,6,14,4,1,1,1,18,15,8,6,6,2,6,0,0,32959,20832,15268,1183,11129,1
153,astrazeneca,147,144,0,7,5,92,68,58,42,67,61,13,68,0,0,0,0,0,0,0,0,0,0,0,0,19143,18251,12073,665,11087,0
154,pfizer,1223,669,514,129,32,319,207,170,85,183,99,64,69,27,104,28,258,157,134,69,141,80,53,53,21,19143,18251,12073,665,11087,0
155,sinovac,101,71,25,2,1,37,35,8,9,20,9,17,8,5,1,0,15,14,5,6,10,5,6,3,4,19143,18251,12073,665,11087,0
156,astrazeneca,117,117,0,7,1,65,57,41,26,58,58,10,50,0,0,0,0,0,0,0,0,0,0,0,0,14079,2531,19724,837,9465,0
157,pfizer,168,105,56,15,2,44,35,19,12,23,18,17,18,0,9,1,27,16,13,8,15,8,12,10,0,14079,2531,19724,837,9465,0
158,sinovac,109,91,16,3,1,38,27,11,10,17,8,11,8,2,1,0,4,2,3,3,2,2,0,0,1,14079,2531,19724,837,9465,0
159,astrazeneca,171,170,0,14,6,91,81,59,41,73,77,16,68,0,0,0,0,0,0,0,0,0,0,0,0,12266,7164,15201,1270,10600,1
160,pfizer,300,151,114,16,8,70,51,35,22,33,25,17,16,3,13,8,57,39,27,18,27,24,14,14,2,12266,7164,15201,1270,10600,1
161,sinovac,102,67,24,1,2,27,20,16,8,10,7,9,2,2,0,0,12,9,6,3,3,4,5,1,2,12266,7164,15201,1270,10600,1
162,astrazeneca,228,227,0,20,6,142,107,84,61,116,102,29,74,3,0,0,0,0,0,0,0,0,0,0,0,25361,24824,31033,1337,13413,2
163,pfizer,1487,752,581,138,44,345,232,184,89,174,89,85,59,28,111,35,257,163,150,70,137,69,66,52,19,25361,24824,31033,1337,13413,2
164,sinovac,192,125,55,6,6,47,34,18,13,34,12,14,7,4,3,3,29,13,8,6,19,7,4,5,3,25361,24824,31033,1337,13413,2
165,astrazeneca,205,200,0,14,6,112,96,66,50,84,84,27,74,3,0,0,0,0,0,0,0,0,0,0,0,23935,27748,32680,3061,13322,1
166,pfizer,1315,711,515,135,38,312,223,177,87,185,100,78,77,36,109,31,235,153,143,69,137,81,63,63,27,23935,27748,32680,3061,13322,1
167,sinovac,357,215,132,10,6,81,83,44,32,34,19,29,15,10,5,3,46,51,30,20,17,10,17,9,9,23935,27748,32680,3061,13322,1
168,astrazeneca,272,272,0,22,10,166,126,92,66,131,139,28,115,2,0,0,0,0,0,0,0,0,0,0,0,2646,1632,4141,279,13773,1
169,pfizer,91,46,41,9,2,17,13,14,8,11,8,4,4,0,9,2,15,10,13,8,10,8,3,4,0,2646,1632,4141,279,13773,1
170,sinovac,25,19,5,0,2,11,4,5,1,2,1,3,1,0,0,1,5,1,1,0,0,0,2,0,0,2646,1632,4141,279,13773,1
171,astrazeneca,268,268,0,31,9,145,127,114,79,116,126,34,141,4,0,0,0,0,0,0,0,0,0,0,0,19041,41728,26527,7969,13382,0
172,pfizer,760,424,283,23,14,199,172,67,43,98,42,49,36,12,16,10,130,112,49,31,59,27,31,24,8,19041,41728,26527,7969,13382,0
173,sinovac,733,424,283,23,14,199,172,67,43,98,42,49,36,12,16,10,130,112,49,31,59,27,31,24,8,19041,41728,26527,7969,13382,0
174,astrazeneca,309,304,0,18,6,173,169,96,77,136,135,30,118,6,0,0,0,0,0,0,0,0,0,0,0,14782,18568,18737,9076,13477,0
175,pfizer,572,519,11,102,25,223,144,130,71,115,68,44,44,7,2,1,4,2,3,1,1,2,2,1,1,14782,18568,18737,9076,13477,0
176,sinovac,332,317,8,11,6,148,124,74,39,79,33,36,32,17,1,0,5,2,2,0,2,0,0,0,0,14782,18568,18737,9076,13477,0
177,astrazeneca,354,353,0,40,9,221,178,139,93,184,162,38,139,4,0,0,0,0,0,0,0,0,0,0,0,17778,12353,19804,2742,13580,0
178,pfizer,314,304,6,48,12,131,70,57,26,69,40,23,28,4,1,0,3,1,1,0,1,1,1,0,0,17778,12353,19804,2742,13580,0
179,sinovac,107,105,0,5,1,52,37,19,12,32,8,11,7,2,0,0,0,0,0,0,0,0,0,0,0,17778,12353,19804,2742,13580,0
180,astrazeneca,273,273,0,12,7,153,137,84,67,119,112,33,93,5,0,0,0,0,0,0,0,0,0,0,0,9745,17183,15355,7267,13348,1
181,pfizer,300,254,11,49,17,101,58,51,31,59,31,23,19,17,2,1,2,3,1,0,2,1,1,1,1,9745,17183,15355,7267,13348,1
182,sinovac,114,104,2,7,4,49,43,17,18,30,10,13,11,7,0,0,0,1,0,0,0,0,0,0,0,9745,17183,15355,7267,13348,1
183,astrazeneca,215,213,0,24,7,102,111,71,49,89,75,27,75,4,0,0,0,0,0,0,0,0,0,0,0,24497,24492,29607,4241,13603,3
184,pfizer,857,729,36,145,41,288,224,153,76,163,75,78,57,26,9,1,16,11,10,7,14,7,4,4,3,24497,24492,29607,4241,13603,3
185,sinovac,201,180,4,10,3,60,59,37,24,35,23,17,7,11,0,0,1,2,0,1,0,0,1,0,0,24497,24492,29607,4241,13603,3
186,astrazeneca,264,261,0,21,9,144,119,92,66,109,112,27,82,3,0,0,0,0,0,0,0,0,0,0,0,30754,21256,30713,3215,14071,2
187,pfizer,836,728,26,113,26,276,178,137,67,124,61,48,45,19,6,2,10,6,7,8,6,7,3,5,0,30754,21256,30713,3215,14071,2
188,sinovac,172,136,7,4,2,57,53,21,12,32,18,20,8,4,1,0,3,4,2,0,1,0,0,0,0,30754,21256,30713,3215,14071,2
189,astrazeneca,174,168,0,15,2,95,82,56,41,70,72,20,60,2,0,0,0,0,0,0,0,0,0,0,0,36278,8013,46291,1887,14554,1
190,pfizer,495,437,3,77,17,175,123,74,48,91,44,33,30,10,0,0,2,1,1,1,1,1,0,0,0,36278,8013,46291,1887,14554,1
191,sinovac,163,149,0,5,2,77,64,29,20,37,15,24,5,3,0,0,0,0,0,0,0,0,0,0,0,36278,8013,46291,1887,14554,1
192,astrazeneca,230,229,0,15,6,139,115,88,66,97,109,24,96,1,0,0,0,0,0,0,0,0,0,0,0,38917,3268,57761,4620,14824,1
193,pfizer,407,327,4,48,16,130,111,66,33,65,24,26,25,13,3,0,3,2,3,2,3,1,0,3,0,38917,3268,57761,4620,14824,1
194,sinovac,260,239,0,9,4,97,107,37,24,57,18,38,10,6,0,0,0,0,0,0,0,0,0,0,0,38917,3268,57761,4620,14824,1
195,astrazeneca,264,260,0,21,6,132,144,86,64,110,97,40,95,7,0,0,0,0,0,0,0,0,0,0,0,27600,2749,43088,2244,15835,1
196,pfizer,243,191,3,23,6,64,61,36,19,32,12,20,13,5,2,0,1,1,1,0,0,0,0,0,0,27600,2749,43088,2244,15835,1
197,sinovac,235,218,4,8,2,94,80,27,17,42,14,28,11,10,0,0,3,0,3,0,1,1,0,1,0,27600,2749,43088,2244,15835,1
198,astrazeneca,253,253,0,25,6,145,132,84,64,118,110,35,97,3,0,0,0,0,0,0,0,0,0,0,0,34213,1340,22746,65,15304,2
199,pfizer,292,287,1,40,6,116,93,53,36,62,30,28,23,4,0,0,0,0,1,1,0,0,0,0,0,34213,1340,22746,65,15304,2
200,sinovac,79,70,0,1,1,24,31,9,4,13,6,11,2,4,0,0,0,0,0,0,0,0,0,0,0,34213,1340,22746,65,15304,2
201,astrazeneca,149,147,0,17,4,86,88,50,45,77,71,19,66,3,0,0,0,0,0,0,0,0,0,0,0,38672,1524,28501,96,14054,0
202,pfizer,145,134,2,16,4,56,37,35,22,37,16,6,9,5,0,0,0,0,0,0,0,1,0,0,0,38672,1524,28501,96,14054,0
203,sinovac,79,76,0,5,0,28,32,5,7,8,4,12,6,1,0,0,0,0,0,0,0,0,0,0,0,38672,1524,28501,96,14054,0
204,astrazeneca,51,51,0,4,3,26,22,10,4,15,20,5,14,1,0,0,0,0,0,0,0,0,0,0,0,11301,3578,31291,1531,18274,0
205,pfizer,127,103,4,10,4,38,34,21,14,20,7,14,6,2,1,0,3,1,2,3,3,1,0,2,1,11301,3578,31291,1531,18274,0
206,sinovac,135,133,2,5,2,55,56,22,18,31,14,15,14,5,0,0,2,2,1,0,2,1,1,1,0,11301,3578,31291,1531,18274,0
207,astrazeneca,100,91,0,4,3,47,51,23,14,33,34,14,29,5,0,0,0,0,0,0,0,0,0,0,0,51270,41400,36653,5023,20664,3
208,pfizer,1386,1288,44,228,55,507,383,260,135,248,172,113,137,30,7,2,18,14,10,5,13,10,7,5,1,51270,41400,36653,5023,20664,3
209,sinovac,385,357,13,18,8,165,135,63,45,80,33,38,51,12,0,0,6,7,2,2,4,2,3,1,0,51270,41400,36653,5023,20664,3
210,astrazeneca,59,53,0,5,1,32,27,14,11,25,20,6,19,1,0,0,0,0,0,0,0,0,0,0,0,61434,31662,39005,9161,15958,1
211,pfizer,1375,1239,38,229,65,447,381,245,162,231,135,104,124,36,6,4,17,13,7,3,5,3,4,4,0,61434,31662,39005,9161,15958,1
212,sinovac,453,413,10,19,12,199,155,76,53,90,43,46,42,19,0,0,2,3,1,1,1,3,1,0,0,61434,31662,39005,9161,15958,1
213,astrazeneca,125,120,0,8,1,73,52,28,19,36,42,10,41,1,0,0,0,0,0,0,0,0,0,0,0,52144,32893,40045,14626,21683,3
214,pfizer,1304,1190,53,196,46,470,363,244,128,254,151,85,105,29,8,4,22,19,20,10,16,11,8,10,1,52144,32893,40045,14626,21683,3
215,sinovac,534,490,17,21,10,212,190,85,48,108,61,49,37,22,0,0,5,7,5,4,5,0,3,3,0,52144,32893,40045,14626,21683,3
216,astrazeneca,396,391,0,14,9,180,150,75,51,95,48,36,44,16,0,0,0,0,0,0,0,0,0,0,0,31008,18701,40696,11608,24431,2
217,pfizer,774,701,24,130,32,274,196,150,75,144,98,50,75,17,7,0,16,12,6,5,8,0,0,0,0,31008,18701,40696,11608,24431,2
218,sinovac,440,391,15,14,9,180,150,75,51,95,48,36,44,16,0,0,5,5,2,0,1,0,1,1,0,31008,18701,40696,11608,24431,2
219,astrazeneca,122,120,0,14,4,72,58,34,23,45,54,14,45,0,0,0,0,0,0,0,0,0,0,0,0,40218,14468,42669,19643,20600,2
220,pfizer,377,362,9,46,15,143,129,77,36,70,46,35,30,10,1,2,5,3,1,2,1,0,1,1,0,40218,14468,42669,19643,20600,2
221,sinovac,394,378,14,17,5,163,154,73,48,89,37,42,35,13,1,0,6,5,2,1,2,2,2,1,0,40218,14468,42669,19643,20600,2
222,astrazeneca,227,225,0,24,4,132,106,82,60,108,111,23,94,1,0,0,0,0,0,0,0,0,0,0,0,43169,12555,40115,14466,21741,0
223,pfizer,389,354,6,47,13,144,101,80,35,75,32,38,30,13,0,0,2,1,0,0,0,1,2,0,0,43169,12555,40115,14466,21741,0
224,sinovac,283,264,7,12,9,124,115,51,34,63,35,31,24,8,0,1,2,1,0,0,0,0,0,0,0,43169,12555,40115,14466,21741,0
225,astrazeneca,204,186,0,22,1,99,96,54,39,74,84,29,67,2,0,0,0,0,0,0,0,0,0,0,0,54901,25317,68094,30668,25064,1
226,pfizer,771,676,25,100,25,291,223,135,70,141,71,68,42,28,3,2,12,6,5,4,4,2,4,3,1,54901,25317,68094,30668,25064,1
227,sinovac,509,477,15,15,13,209,165,80,53,110,55,63,40,24,1,0,5,2,1,0,5,1,3,1,1,54901,25317,68094,30668,25064,1
228,astrazeneca,221,211,0,21,1,133,93,75,53,97,98,24,87,5,0,0,0,0,0,0,0,0,0,0,0,59852,24156,82560,32128,24457,0
229,pfizer,1300,1222,17,220,58,503,350,263,150,261,115,97,94,28,3,0,9,7,3,5,5,6,1,3,1,59852,24156,82560,32128,24457,0
230,sinovac,747,721,9,35,15,361,283,141,85,178,87,78,49,31,0,0,3,4,1,0,2,0,2,0,0,59852,24156,82560,32128,24457,0
231,astrazeneca,239,237,0,8,1,122,102,74,43,107,108,27,99,4,0,0,0,0,0,0,0,0,0,0,0,70853,3412,111450,4894,23892,3
232,pfizer,448,383,2,57,15,162,140,80,41,87,44,45,26,10,1,0,1,1,1,0,1,0,0,1,0,70853,3412,111450,4894,23892,3
233,sinovac,443,410,5,22,10,181,138,75,39,87,33,43,27,11,0,0,2,0,2,0,2,0,0,0,0,70853,3412,111450,4894,23892,3
234,astrazeneca,249,234,0,12,3,121,112,70,53,91,101,30,102,8,0,0,0,0,0,0,0,0,0,0,0,59781,18781,99570,25704,25759,0
235,pfizer,926,832,24,142,37,338,244,194,99,164,110,75,75,22,2,0,9,10,6,4,5,5,4,5,0,59781,18781,99570,25704,25759,0
236,sinovac,788,741,22,38,14,357,305,142,99,200,84,82,77,33,4,2,10,10,9,2,5,4,3,5,3,59781,18781,99570,25704,25759,0
237,astrazeneca,299,292,0,20,5,165,137,105,63,114,148,34,119,3,0,0,0,0,0,0,0,0,0,0,0,40883,14593,86825,18197,25278,0
238,pfizer,546,484,12,74,21,193,174,101,63,106,60,44,38,12,3,1,4,5,3,5,3,4,1,2,0,40883,14593,86825,18197,25278,0
239,sinovac,515,501,6,22,12,213,193,88,56,99,60,52,26,30,0,0,3,1,1,1,4,0,0,1,0,40883,14593,86825,18197,25278,0
240,astrazeneca,234,231,0,28,4,115,103,68,52,89,93,12,83,1,0,0,0,0,0,0,0,0,0,0,0,51860,16523,64154,19832,19869,0
241,pfizer,447,431,11,54,14,194,114,76,33,80,42,43,32,13,0,0,9,3,3,2,6,4,2,3,0,51860,16523,64154,19832,19869,0
242,sinovac,360,355,4,17,12,150,156,70,46,95,44,46,32,15,0,0,2,2,1,1,0,0,0,0,0,51860,16523,64154,19832,19869,0
243,astrazeneca,203,203,0,12,4,112,98,62,39,78,90,13,85,4,0,0,0,0,0,0,0,0,0,0,0,37434,8960,66051,15298,19022,0
244,pfizer,443,421,6,61,23,158,114,101,41,70,38,30,25,6,1,0,2,4,0,0,1,1,1,1,0,37434,8960,66051,15298,19022,0
245,sinovac,508,492,8,20,7,230,193,92,74,134,58,59,42,16,0,0,3,3,2,2,2,1,0,1,0,37434,8960,66051,15298,19022,0
246,astrazeneca,337,322,0,29,5,194,150,126,77,147,154,41,135,3,0,0,0,0,0,0,0,0,0,0,0,47689,25261,117351,29541,25815,2
247,pfizer,1085,961,34,173,28,375,280,219,116,186,107,85,78,28,5,0,14,12,9,5,7,12,4,3,2,47689,25261,117351,29541,25815,2
248,sinovac,960,899,16,48,20,435,359,167,128,219,94,96,69,34,0,0,8,8,6,3,6,1,2,0,1,47689,25261,117351,29541,25815,2
249,astrazeneca,235,219,0,26,4,131,123,82,59,99,114,34,93,4,0,0,0,0,0,0,0,0,0,0,0,48490,30751,127159,30335,23595,8
250,pfizer,697,619,21,106,28,235,193,134,69,128,60,53,41,21,3,1,11,7,6,1,5,2,1,2,3,48490,30751,127159,30335,23595,8
251,sinovac,755,713,14,16,13,325,296,129,81,154,70,70,50,24,1,1,5,3,3,2,2,2,3,2,2,48490,30751,127159,30335,23595,8
252,astrazeneca,265,256,0,26,8,158,138,99,68,120,121,27,99,2,0,0,0,0,0,0,0,0,0,0,0,38748,35340,123481,44870,22999,1
253,pfizer,1092,984,33,172,43,391,270,239,109,208,98,67,61,23,6,1,16,11,9,2,11,1,3,3,0,38748,35340,123481,44870,22999,1
254,sinovac,1373,1273,54,54,21,631,499,251,125,322,128,168,102,43,1,0,14,22,3,3,4,4,7,2,2,38748,35340,123481,44870,22999,1
255,astrazeneca,231,221,0,19,10,133,110,84,59,103,112,25,92,4,0,0,0,0,0,0,0,0,0,0,0,32843,37778,127137,57039,23056,7
256,pfizer,912,844,16,146,38,345,269,184,104,164,95,71,65,29,2,1,7,7,4,2,3,3,3,3,1,32843,37778,127137,57039,23056,7
257,sinovac,1264,1157,52,53,22,514,486,219,148,296,128,151,78,54,2,1,25,23,11,4,15,8,9,6,3,32843,37778,127137,57039,23056,7
258,astrazeneca,235,228,0,24,11,148,113,94,74,134,122,28,104,3,0,0,0,0,0,0,0,0,0,0,0,28768,26467,104181,41855,21957,4
259,pfizer,1478,1377,15,257,74,550,409,291,134,266,153,101,89,30,1,1,9,8,2,4,2,1,4,4,1,28768,26467,104181,41855,21957,4
260,sinovac,1505,1430,32,60,29,679,564,274,199,338,138,147,81,62,3,0,8,16,3,3,3,1,3,4,3,28768,26467,104181,41855,21957,4
261,astrazeneca,171,170,0,17,4,95,87,54,38,76,78,25,73,2,0,0,0,0,0,0,0,0,0,0,0,34111,34422,90067,21979,18347,1
262,pfizer,743,705,14,108,32,273,180,167,85,140,71,47,49,17,1,0,6,3,4,2,6,2,2,1,0,34111,34422,90067,21979,18347,1
263,sinovac,776,756,11,29,18,371,314,149,93,187,81,96,49,28,1,0,3,5,3,2,3,1,0,2,0,34111,34422,90067,21979,18347,1
264,astrazeneca,152,147,0,12,2,80,68,63,28,63,70,15,71,2,0,0,0,0,0,0,0,0,0,0,0,22574,38418,72694,27840,16479,1
265,pfizer,498,477,8,80,30,206,171,120,58,103,51,47,41,24,1,0,3,5,2,2,3,1,0,1,0,22574,38418,72694,27840,16479,1
266,sinovac,694,672,10,27,13,314,261,133,77,150,78,76,64,17,2,1,5,3,1,0,3,0,0,0,2,22574,38418,72694,27840,16479,1
267,astrazeneca,235,225,0,20,4,126,122,100,59,94,108,31,108,1,0,0,0,0,0,0,0,0,0,0,0,41696,11630,103921,32022,20850,5
268,pfizer,823,705,14,108,32,273,180,167,85,140,71,47,49,17,1,0,6,3,4,2,6,2,2,1,0,41696,11630,103921,32022,20850,5
269,sinovac,925,860,10,36,24,406,375,162,87,215,91,94,85,31,0,0,4,3,0,1,2,0,0,0,0,41696,11630,103921,32022,20850,5
270,astrazeneca,252,249,0,19,11,142,136,100,66,109,121,25,111,3,0,0,0,0,0,0,0,0,0,0,0,31158,49388,106665,36168,20999,3
271,pfizer,1663,1548,25,245,65,627,434,331,180,326,214,116,165,37,4,0,8,9,4,1,5,4,6,4,2,31158,49388,106665,36168,20999,3
272,sinovac,1497,1416,22,59,27,674,551,280,198,357,166,151,146,43,4,1,7,7,4,2,2,4,1,1,1,31158,49388,106665,36168,20999,3
273,astrazeneca,306,291,0,34,13,158,161,102,85,132,150,36,136,6,0,0,0,0,0,0,0,0,0,0,0,27955,58517,124767,38328,21315,9
274,pfizer,1656,1528,29,298,77,624,492,327,163,325,185,113,142,45,4,1,12,11,6,0,7,6,4,1,3,27955,58517,124767,38328,21315,9
275,sinovac,1352,1258,9,56,33,637,466,251,137,326,136,131,137,45,1,0,2,1,3,0,0,0,0,0,1,27955,58517,124767,38328,21315,9
276,astrazeneca,293,281,0,24,9,179,130,120,75,135,129,34,119,6,0,0,0,0,0,0,0,0,0,0,0,27369,47644,134979,38983,21413,15
277,pfizer,842,750,23,123,19,285,241,156,93,166,90,76,82,32,4,1,7,7,4,3,4,2,4,1,1,27369,47644,134979,38983,21413,15
278,sinovac,1179,1125,13,56,17,520,452,222,126,271,128,123,144,44,0,0,3,5,1,1,3,1,1,1,0,27369,47644,134979,38983,21413,15
279,astrazeneca,290,279,0,30,7,164,143,109,73,116,155,37,126,3,0,0,0,0,0,0,0,0,0,0,0,28252,30141,119937,40607,22020,17
280,pfizer,1120,1081,17,194,37,499,320,276,160,251,152,95,118,33,2,2,12,4,4,1,4,2,2,1,1,28252,30141,119937,40607,22020,17
281,sinovac,1606,1540,25,61,33,752,636,289,180,350,177,160,169,45,2,0,14,8,4,4,7,4,4,1,1,28252,30141,119937,40607,22020,17
282,astrazeneca,229,229,0,27,2,137,126,83,58,92,97,24,85,4,0,0,0,0,0,0,0,0,0,0,0,25953,38895,100217,40546,18629,8
283,pfizer,889,850,24,148,35,333,248,168,87,160,85,57,59,21,4,2,8,10,3,0,2,4,5,1,1,25953,38895,100217,40546,18629,8
284,sinovac,1183,1156,15,61,30,554,489,254,145,263,141,105,119,32,3,1,6,6,1,0,3,2,2,2,1,25953,38895,100217,40546,18629,8
285,astrazeneca,349,332,0,30,5,182,167,102,88,135,151,33,137,8,0,0,0,0,0,0,0,0,0,0,0,27190,42680,88950,38160,18949,6
286,pfizer,830,799,18,119,24,314,234,183,95,163,96,66,86,22,6,1,10,3,3,3,5,2,4,3,2,27190,42680,88950,38160,18949,6
287,sinovac,1113,1092,10,45,33,535,473,232,137,259,150,116,137,44,0,0,5,2,3,1,3,0,2,0,0,27190,42680,88950,38160,18949,6
288,astrazeneca,578,567,0,61,19,356,296,244,156,277,296,71,260,14,0,0,0,0,0,0,0,0,0,0,0,34641,54159,150269,66687,21660,703
289,pfizer,2271,2118,38,390,93,918,652,509,288,486,262,170,192,56,5,1,16,12,9,4,7,6,2,6,2,34641,54159,150269,66687,21660,703
290,sinovac,2229,2140,16,91,59,1093,835,448,278,546,253,219,189,77,0,0,5,7,1,2,2,0,4,0,1,34641,54159,150269,66687,21660,703
291,astrazeneca,306,293,0,26,6,178,167,97,78,129,114,31,129,1,0,0,0,0,0,0,0,0,0,0,0,38370,57563,156998,81696,21800,22
292,pfizer,2195,2048,57,399,99,900,613,508,295,487,265,178,225,58,5,4,20,16,12,9,14,9,10,3,2,38370,57563,156998,81696,21800,22
293,sinovac,2738,2622,48,106,62,1314,1033,514,307,632,333,270,265,90,3,1,21,15,12,10,7,2,5,4,1,38370,57563,156998,81696,21800,22
294,astrazeneca,2229,2208,13,283,107,1449,1219,938,643,1057,1304,210,1138,35,0,0,9,6,1,0,1,2,0,5,1,39869,63163,157472,109010,21566,4392
295,pfizer,1767,1677,39,322,69,736,527,386,210,372,198,145,146,38,6,0,15,14,11,5,12,2,4,6,2,39869,63163,157472,109010,21566,4392
296,sinovac,2796,2694,45,121,68,1349,1055,533,329,673,321,293,250,101,3,1,20,18,10,3,12,2,5,1,1,39869,63163,157472,109010,21566,4392
297,astrazeneca,1590,1575,4,231,86,1057,877,686,475,781,940,192,835,42,0,0,1,1,0,1,1,1,0,1,0,40568,58885,167880,98412,21628,3367
298,pfizer,1166,1074,27,191,45,453,329,260,139,224,149,81,98,33,2,3,11,12,9,3,7,5,3,3,1,40568,58885,167880,98412,21628,3367
299,sinovac,2092,1966,39,92,51,969,802,400,256,491,226,227,210,70,1,2,16,13,7,4,9,2,1,3,3,40568,58885,167880,98412,21628,3367
300,astrazeneca,1692,1680,8,257,113,1176,958,725,523,864,994,163,826,43,1,1,5,5,2,1,3,3,3,3,1,43491,40921,155393,85416,21941,3448
301,pfizer,1464,1405,24,277,56,588,462,322,170,319,167,114,140,34,4,0,8,8,4,1,3,2,5,4,0,43491,40921,155393,85416,21941,3448
302,sinovac,2844,2754,24,126,72,1371,1090,549,334,649,315,279,248,96,5,1,13,11,4,2,6,3,2,1,3,43491,40921,155393,85416,21941,3448
303,astrazeneca,1815,1808,5,267,132,1206,1080,783,561,916,1153,193,883,44,0,0,2,0,1,1,1,0,0,0,1,51632,49698,149732,63632,18474,3518
304,pfizer,1329,1311,15,237,62,556,396,284,138,248,141,103,93,36,4,2,6,5,5,4,5,2,2,3,0,51632,49698,149732,63632,18474,3518
305,sinovac,1707,1674,21,84,44,822,711,331,198,390,180,192,164,65,1,0,11,8,2,0,5,2,1,0,0,51632,49698,149732,63632,18474,3518
306,astrazeneca,1732,1719,11,279,129,1130,988,781,539,870,1077,203,873,48,1,1,3,3,0,0,2,2,0,0,0,50734,37548,125732,62480,18385,3445
307,pfizer,1274,1248,14,231,76,522,359,275,141,259,154,123,136,31,1,0,8,4,5,1,4,1,2,2,0,50734,37548,125732,62480,18385,3445
308,sinovac,2269,2233,19,94,46,1157,918,504,289,548,262,220,282,69,1,1,11,9,5,3,6,3,2,5,1,50734,37548,125732,62480,18385,3445
309,astrazeneca,1595,1575,10,218,85,1046,887,678,454,759,952,158,725,45,1,1,4,5,2,3,2,2,3,1,0,74464,46060,176385,113620,21118,3434
310,pfizer,1595,1477,36,225,55,639,524,323,166,339,156,133,139,43,4,0,13,5,4,3,9,2,3,0,1,74464,46060,176385,113620,21118,3434
311,sinovac,3241,3098,74,166,80,1599,1318,639,368,765,378,369,366,115,5,3,39,29,23,14,21,9,8,10,4,74464,46060,176385,113620,21118,3434
312,astrazeneca,1625,1604,16,219,82,1041,872,639,479,761,980,148,744,30,1,0,7,5,1,3,2,2,1,1,0,70387,46581,179626,121386,18619,3524
313,pfizer,2008,1906,20,359,92,872,663,452,236,494,231,172,217,38,1,0,5,9,5,2,5,5,2,5,0,70387,46581,179626,121386,18619,3524
314,sinovac,4477,4319,64,200,101,2284,1769,902,560,1102,535,444,434,128,6,2,32,24,13,4,14,10,8,6,2,70387,46581,179626,121386,18619,3524
315,astrazeneca,1607,1588,9,216,94,1024,862,698,461,756,881,183,692,38,2,2,6,4,4,3,5,1,0,1,0,82079,40034,192229,120774,21057,3356
316,pfizer,1781,1664,42,235,69,724,577,382,173,388,169,157,181,46,3,2,15,15,9,4,11,8,8,7,2,82079,40034,192229,120774,21057,3356
317,sinovac,3306,3139,49,144,76,1634,1268,667,379,782,393,376,360,97,6,2,25,18,13,3,10,5,5,5,3,82079,40034,192229,120774,21057,3356
318,astrazeneca,306,297,0,31,8,153,155,105,70,121,129,30,102,8,0,0,0,0,0,0,0,0,0,0,0,101695,36312,192774,125069,23407,32
319,pfizer,1895,1778,28,314,66,798,653,419,214,390,177,188,131,45,5,3,12,7,10,5,7,8,2,6,1,101695,36312,192774,125069,23407,32
320,sinovac,3042,2906,52,137,65,1499,1184,552,356,729,344,276,264,119,0,3,28,22,9,5,16,5,5,7,2,101695,36312,192774,125069,23407,32
321,astrazeneca,243,238,0,31,9,122,122,77,66,104,117,26,101,5,0,0,0,0,0,0,0,0,0,0,0,95944,32116,165278,102130,22619,65
322,pfizer,1557,1491,28,248,60,637,521,353,193,325,154,153,103,44,4,3,14,12,7,6,9,4,0,4,0,95944,32116,165278,102130,22619,65
323,sinovac,2657,2556,42,122,64,1260,1006,531,300,606,277,268,189,93,3,1,19,21,11,6,12,5,5,6,1,95944,32116,165278,102130,22619,65
324,astrazeneca,3921,3895,24,621,291,2671,2260,1773,1168,1987,2434,424,1751,114,3,1,14,12,6,5,5,6,2,2,0,97069,35306,148814,88026,18629,9443
325,pfizer,1690,1638,40,294,73,696,608,373,182,388,146,186,114,35,7,4,20,20,7,6,12,7,7,4,1,97069,35306,148814,88026,18629,9443
326,sinovac,2070,2008,48,93,50,1023,835,378,254,463,213,216,175,68,4,2,23,20,14,4,6,2,0,1,1,97069,35306,148814,88026,18629,9443
327,astrazeneca,4143,4110,21,708,284,2824,2442,1965,1362,2229,2582,501,2123,114,3,2,16,7,8,4,10,4,2,4,1,98630,24929,134561,69635,19269,9625
328,pfizer,1632,1582,24,239,55,734,577,358,175,332,128,144,88,43,6,3,13,8,10,4,10,6,6,6,1,98630,24929,134561,69635,19269,9625
329,sinovac,2004,1951,28,100,47,998,795,448,287,451,241,207,222,64,3,0,13,12,5,1,8,0,5,1,1,98630,24929,134561,69635,19269,9625
330,astrazeneca,4099,4073,14,664,246,2659,2346,1883,1320,2088,2539,469,2194,124,0,1,8,5,4,2,4,6,1,4,0,129779,39139,137616,105184,21506,10193
331,pfizer,2464,2342,41,434,104,1040,830,544,278,537,255,205,200,59,5,1,16,17,14,8,9,9,2,6,2,129779,39139,137616,105184,21506,10193
332,sinovac,3381,3283,33,141,76,1737,1388,686,448,843,460,334,444,101,1,0,11,15,4,1,4,0,7,2,0,129779,39139,137616,105184,21506,10193
333,astrazeneca,3927,3913,9,693,289,2609,2308,1782,1280,2040,2448,435,2165,122,1,0,3,3,0,0,1,0,3,1,0,71665,11723,118136,81606,18819,10206
334,pfizer,1392,1350,23,229,57,577,407,264,119,281,130,104,137,25,6,1,12,10,6,5,11,4,4,6,0,71665,11723,118136,81606,18819,10206
335,sinovac,2785,2751,16,117,57,1445,1132,589,368,714,370,285,420,78,3,2,8,7,2,0,2,2,1,1,1,71665,11723,118136,81606,18819,10206
336,astrazeneca,3837,3805,19,691,284,2496,2272,1761,1220,1944,2329,469,2068,113,3,0,8,4,3,2,5,3,2,3,0,124256,32552,144582,127820,20163,10329
337,pfizer,1814,1717,46,299,77,724,596,382,182,360,180,170,137,38,8,1,14,17,9,6,13,1,7,6,1,124256,32552,144582,127820,20163,10329
338,sinovac,2701,2544,54,110,63,1405,1082,544,336,697,358,282,308,117,3,2,26,23,11,8,13,3,6,4,1,124256,32552,144582,127820,20163,10329
339,astrazeneca,3822,3794,21,676,264,2505,2218,1679,1176,1843,2362,388,1806,119,2,2,15,8,5,1,9,4,1,3,0,170613,33420,152352,132838,20607,10714
340,pfizer,1784,1660,67,280,74,704,565,359,177,352,143,136,105,44,9,2,24,32,19,10,16,8,8,3,2,170613,33420,152352,132838,20607,10714
341,sinovac,2719,2530,107,123,64,1314,1058,514,320,639,337,287,328,127,8,4,49,45,20,13,23,8,8,10,2,170613,33420,152352,132838,20607,10714
342,astrazeneca,4091,4043,39,787,293,2695,2376,1787,1304,2030,2556,480,1975,120,3,1,17,15,4,4,11,7,5,3,0,148886,31865,146206,122125,19739,10687
343,pfizer,1842,1726,68,298,77,725,599,416,202,385,183,156,127,41,13,2,27,26,14,12,18,5,8,3,2,148886,31865,146206,122125,19739,10687
344,sinovac,2294,2189,52,93,57,1130,885,447,268,536,269,234,240,100,1,2,26,23,16,5,10,3,8,2,3,148886,31865,146206,122125,19739,10687
345,astrazeneca,4063,4050,11,809,293,2783,2595,1836,1363,2256,2810,565,2006,104,0,0,3,6,3,0,2,2,1,0,0,148759,26971,129770,101550,17575,9143
346,pfizer,1361,1339,19,221,61,582,426,275,144,284,124,120,89,31,8,1,8,7,9,5,7,2,2,1,0,148759,26971,129770,101550,17575,9143
347,sinovac,1368,1339,19,221,61,582,426,275,144,284,124,120,89,31,8,1,8,7,9,5,7,2,2,1,0,148759,26971,129770,101550,17575,9143
348,astrazeneca,4258,4236,21,791,325,2883,2680,2031,1427,2325,2830,598,1969,122,7,0,15,11,7,6,8,6,1,1,1,138239,26969,136251,87799,18139,10334
349,pfizer,1464,1432,21,230,45,633,505,323,147,314,135,119,103,27,5,1,9,4,8,3,5,0,2,1,1,138239,26969,136251,87799,18139,10334
350,sinovac,1481,1443,18,70,35,750,611,320,196,388,170,141,165,65,0,0,7,10,5,2,5,0,1,1,0,138239,26969,136251,87799,18139,10334
351,astrazeneca,5226,5160,54,934,347,3462,3107,2419,1671,2710,3270,666,2342,141,3,2,28,24,7,10,20,10,5,8,1,191848,35660,132934,147129,18178,12973
352,pfizer,2505,2312,100,372,85,1061,910,539,247,543,230,214,196,52,18,10,57,46,28,19,32,19,14,12,4,191848,35660,132934,147129,18178,12973
353,sinovac,2322,2189,40,106,53,1124,962,472,290,568,296,240,290,94,1,2,17,13,7,3,8,1,3,1,3,191848,35660,132934,147129,18178,12973
354,astrazeneca,5033,4994,27,3839,927,349,3249,2963,2262,1641,2561,3206,637,146,5,2,10,14,8,7,5,6,3,2,0,214366,38753,134014,154300,18365,13002
355,pfizer,2955,2754,94,473,110,1268,919,659,348,642,289,249,237,75,13,6,41,31,18,14,22,11,13,11,3,214366,38753,134014,154300,18365,13002
356,sinovac,2765,2620,44,109,61,1305,1115,539,338,663,359,282,330,147,1,2,19,12,6,7,13,2,3,2,2,214366,38753,134014,154300,18365,13002
357,astrazeneca,4632,4578,45,882,286,2982,2798,2143,1519,2417,2987,573,2388,135,4,3,22,24,12,5,10,5,6,7,1,206202,39059,157334,154722,12110,13605
358,pfizer,2518,2366,76,392,97,1089,865,566,279,563,230,228,178,56,9,2,25,27,18,8,24,14,6,5,0,206202,39059,157334,154722,12110,13605
359,sinovac,2523,2437,42,113,65,1301,1043,525,316,635,320,300,234,119,6,1,17,22,7,3,9,4,7,1,1,206202,39059,157334,154722,12110,13605
360,astrazeneca,5429,5373,47,986,404,3553,3281,2543,1826,2841,3463,637,2678,139,7,5,22,20,10,7,16,4,6,4,3,213048,42110,136404,163513,13856,13122
361,pfizer,2680,2549,66,468,109,1126,986,608,315,603,265,248,200,69,10,6,31,23,18,11,18,6,8,9,3,213048,42110,136404,163513,13856,13122
362,sinovac,2912,2832,34,160,84,1464,1199,683,390,719,405,293,307,147,4,4,16,13,4,4,7,6,4,3,2,213048,42110,136404,163513,13856,13122
363,astrazeneca,5032,4990,36,1047,353,3225,3064,2233,1635,2595,3243,633,2359,158,4,2,16,19,7,6,12,6,2,6,2,169045,42870,149142,147320,15075,13059
364,pfizer,2666,2515,87,442,112,1144,897,599,298,611,269,269,265,74,12,6,36,34,21,8,21,14,7,10,3,169045,42870,149142,147320,15075,13059
365,sinovac,2543,2442,30,126,62,1239,1020,511,303,589,318,261,255,149,1,1,7,11,4,2,4,3,3,1,2,169045,42870,149142,147320,15075,13059
366,astrazeneca,5706,5653,52,1228,440,3767,3543,2638,1921,3105,3807,746,2689,166,7,2,22,29,8,8,10,7,3,6,0,170815,49445,151175,145381,14406,12919
367,pfizer,2638,2464,133,456,138,1079,874,605,300,582,263,217,206,55,24,4,49,55,22,18,28,16,19,12,4,170815,49445,151175,145381,14406,12919
368,sinovac,2211,2150,37,117,64,1130,958,469,290,598,324,243,288,118,3,1,14,14,3,4,4,4,2,2,0,170815,49445,151175,145381,14406,12919
369,astrazeneca,5350,5318,29,1115,436,3585,3340,2498,1885,2934,3573,782,2526,162,2,1,11,14,8,3,7,4,6,2,1,156490,48821,141517,124013,12724,12896
370,pfizer,2300,2191,75,388,105,997,798,527,257,550,259,218,226,53,13,4,36,24,24,17,22,11,7,8,1,156490,48821,141517,124013,12724,12896
371,sinovac,2598,2573,3,159,81,1401,1145,648,403,722,400,311,433,151,1,1,2,1,2,1,2,0,0,0,0,156490,48821,141517,124013,12724,12896
372,astrazeneca,5109,5070,29,1043,373,3434,3121,2371,1805,2790,3371,661,2267,151,3,1,13,12,10,3,11,4,7,4,1,157370,71503,75759,167809,4046,13033
373,pfizer,3867,3568,198,698,180,1689,1358,860,440,886,521,372,482,105,33,11,103,85,48,24,50,20,16,15,3,157370,71503,75759,167809,4046,13033
374,sinovac,4029,3936,19,206,111,2186,1796,901,529,1122,576,523,584,191,2,1,7,8,1,0,5,2,3,1,1,157370,71503,75759,167809,4046,13033
375,astrazeneca,5018,4982,33,1007,372,3306,3053,2393,1781,2662,3161,654,2213,147,5,3,11,10,6,4,5,3,2,4,2,179835,68048,70165,169914,4091,13241
376,pfizer,4403,4078,246,841,187,1957,1467,999,481,1037,537,383,527,99,43,5,129,91,57,34,82,49,25,26,8,179835,68048,70165,169914,4091,13241
377,sinovac,4023,3932,33,194,113,2201,1790,941,580,1150,634,471,668,217,2,1,14,15,5,5,9,2,2,3,2,179835,68048,70165,169914,4091,13241
378,astrazeneca,5194,5159,26,1030,396,3444,3206,2447,1783,2793,3322,664,2318,142,3,0,13,9,9,4,8,5,2,3,0,179771,78817,58947,181129,4373,13684
379,pfizer,4675,4339,258,818,192,2084,1624,1132,550,1110,574,413,558,132,32,14,117,117,59,23,57,31,26,30,8,179771,78817,58947,181129,4373,13684
380,sinovac,2788,2680,46,164,84,1457,1224,604,383,731,417,316,379,108,2,1,15,16,11,6,7,7,6,4,3,179771,78817,58947,181129,4373,13684
381,astrazeneca,5446,5383,50,1101,357,3566,3370,2507,1860,2837,3474,710,2414,163,6,3,21,23,11,7,16,8,7,10,1,165059,99315,66712,190192,4313,13708
382,pfizer,7570,7109,364,1645,389,3243,2457,1749,862,1681,955,581,630,173,65,19,169,145,79,50,99,50,37,33,8,165059,99315,66712,190192,4313,13708
383,sinovac,3662,3562,46,207,101,1997,1588,754,506,987,514,359,396,148,4,2,19,23,6,3,4,4,1,0,0,165059,99315,66712,190192,4313,13708
384,astrazeneca,6076,6032,39,1250,483,3965,3741,2788,2136,3240,3834,806,2762,187,4,0,19,17,7,3,10,11,3,8,1,125987,93363,65142,157922,14479,14867
385,pfizer,3801,3519,213,744,168,1633,1279,888,507,858,434,358,291,127,27,12,94,90,46,38,62,30,25,22,7,125987,93363,65142,157922,14479,14867
386,sinovac,1880,1820,27,104,45,960,783,409,284,477,237,208,157,107,1,1,14,13,6,5,8,2,3,4,0,125987,93363,65142,157922,14479,14867
387,astrazeneca,5964,5929,34,1262,468,3904,3710,2717,2091,3212,3803,758,2866,168,4,2,13,17,9,3,7,9,1,3,0,110374,89158,72480,143754,22311,14566
388,pfizer,3251,3075,171,672,188,1383,1117,760,392,752,333,305,208,94,29,6,74,67,38,23,35,24,22,21,6,110374,89158,72480,143754,22311,14566
389,sinovac,1446,1436,5,74,36,717,592,326,217,377,200,166,133,90,0,1,1,0,0,0,0,0,1,0,2,110374,89158,72480,143754,22311,14566
390,astrazeneca,3529,3509,16,698,277,2251,2034,1509,1132,1738,2148,437,1597,102,3,1,4,6,6,2,3,3,2,4,0,79997,93894,68418,131948,24017,14073
391,pfizer,3169,2986,150,605,155,1425,1143,763,394,731,337,284,242,100,28,8,60,53,35,24,31,18,11,13,4,79997,93894,68418,131948,24017,14073
392,sinovac,1380,1355,4,101,40,717,585,349,211,362,180,175,124,78,1,0,2,1,1,1,1,0,1,0,0,79997,93894,68418,131948,24017,14073
393,astrazeneca,4123,4099,20,613,260,2494,2116,1628,1212,1782,2315,445,1618,134,1,1,9,7,5,4,5,1,0,2,1,98980,128766,66893,136507,37757,19761
394,pfizer,4226,3881,271,795,164,1804,1410,971,485,949,494,366,265,145,45,12,131,116,87,60,84,48,34,29,9,98980,128766,66893,136507,37757,19761
395,sinovac,746,657,38,39,25,351,292,155,117,176,94,87,74,34,4,0,15,18,8,4,8,3,2,2,1,98980,128766,66893,136507,37757,19761
396,astrazeneca,3899,3877,18,614,237,2319,2029,1548,1189,1710,2294,423,1533,127,0,0,10,5,6,5,5,3,5,6,0,77114,69991,65572,113502,34555,18165
397,pfizer,2357,2287,66,412,97,1086,783,550,250,567,264,185,163,54,10,4,35,26,16,11,17,9,5,10,3,77114,69991,65572,113502,34555,18165
398,sinovac,2422,2344,72,164,76,1255,1050,556,327,684,346,282,224,126,6,3,39,22,15,9,15,5,4,7,3,77114,69991,65572,113502,34555,18165
399,astrazeneca,2588,2568,7,343,124,1503,1239,889,670,995,1339,221,909,74,1,1,4,1,2,0,0,1,0,0,0,101646,122894,99972,136409,43684,15701
400,pfizer,4268,3927,261,768,174,1743,1425,919,495,890,462,358,261,130,41,9,113,99,55,28,49,36,31,20,15,101646,122894,99972,136409,43684,15701
401,sinovac,2970,2657,248,145,98,1408,1247,626,413,759,357,335,222,156,18,12,114,96,46,26,57,24,26,19,12,101646,122894,99972,136409,43684,15701
402,astrazeneca,4334,4307,14,581,256,2639,2142,1640,1157,1797,2394,376,1864,108,2,0,10,2,5,3,5,5,1,3,1,85261,166560,95957,146383,37468,21364
403,pfizer,4672,4263,330,846,200,1926,1493,1013,553,1009,509,358,287,150,57,19,168,134,84,40,84,43,29,24,8,85261,166560,95957,146383,37468,21364
404,sinovac,3093,2772,236,197,74,1462,1331,652,476,789,350,360,244,185,9,7,106,97,42,28,55,19,21,6,6,85261,166560,95957,146383,37468,21364
405,astrazeneca,6806,6772,22,1180,544,4394,3920,2948,2037,3274,4235,721,3422,215,1,1,11,4,6,3,4,3,1,0,0,55444,145027,105213,142327,25496,24122
406,pfizer,4116,3795,231,739,198,1712,1337,950,519,911,483,342,294,128,30,18,88,102,45,27,43,27,16,17,9,55444,145027,105213,142327,25496,24122
407,sinovac,2659,2433,191,160,73,1207,1134,549,377,648,350,327,219,149,12,7,87,78,41,28,41,11,25,5,8,55444,145027,105213,142327,25496,24122
408,astrazeneca,4420,4387,30,664,268,2749,2349,1731,1285,1930,2570,445,2024,103,2,1,11,10,8,5,4,4,2,4,1,40819,144541,115080,125028,25762,20431
409,pfizer,3775,3486,276,697,210,1513,1217,821,409,775,365,258,224,127,46,16,109,114,67,40,76,39,36,27,14,40819,144541,115080,125028,25762,20431
410,sinovac,2511,2310,191,149,78,1186,1025,588,352,637,312,270,194,125,30,17,90,76,52,38,52,24,18,18,7,40819,144541,115080,125028,25762,20431
411,astrazeneca,5668,5626,32,909,338,3671,3293,2537,1695,2711,3530,683,2764,146,2,0,12,11,8,7,7,6,5,4,0,35459,130633,104070,130130,18919,21292
412,pfizer,3565,3293,250,649,173,1545,1226,885,459,819,412,286,273,117,33,15,128,103,74,28,76,40,15,30,6,35459,130633,104070,130130,18919,21292
413,sinovac,2499,2298,178,143,73,1198,1085,572,366,652,348,300,222,148,15,9,73,84,44,27,53,24,30,23,6,35459,130633,104070,130130,18919,21292
414,astrazeneca,6794,6726,58,993,408,4377,3858,2994,2141,3280,4129,757,3207,169,10,6,22,18,13,3,15,8,4,13,0,39507,180829,131846,129628,20095,25204
415,pfizer,4793,4202,506,822,212,2016,1684,1082,547,1063,612,401,372,152,80,19,230,226,106,69,112,69,51,51,9,39507,180829,131846,129628,20095,25204
416,sinovac,2883,2558,278,191,85,1358,1239,601,419,760,352,344,269,129,32,19,123,136,70,41,75,35,35,33,14,39507,180829,131846,129628,20095,25204
417,astrazeneca,6889,6809,63,1106,464,4575,3950,3114,2204,3319,4182,724,3333,165,4,2,33,25,17,7,12,14,5,17,1,36160,198171,143758,128538,19594,23895
418,pfizer,5565,4775,712,1011,223,2216,1777,1256,698,1251,690,463,467,177,126,38,344,306,201,110,205,111,89,116,18,36160,198171,143758,128538,19594,23895
419,sinovac,2972,2622,318,173,88,1366,1183,598,398,725,334,332,270,138,39,13,150,142,62,43,83,45,40,34,15,36160,198171,143758,128538,19594,23895
420,astrazeneca,54,37,1,7,2,24,23,15,13,22,25,7,18,0,0,0,0,0,0,0,0,1,1,1,0,33030,187591,155259,153884,19312,23827
421,pfizer,150,53,11,12,2,16,12,15,7,12,6,2,0,4,4,0,5,5,7,2,5,6,1,4,1,33030,187591,155259,153884,19312,23827
422,sinovac,83,32,5,1,1,14,14,6,4,7,8,1,3,2,0,0,1,2,0,0,2,0,0,0,0,33030,187591,155259,153884,19312,23827
423,astrazeneca,7163,7085,49,1234,539,4667,4241,3255,2258,3549,4570,847,3808,170,4,3,23,21,9,5,11,9,2,5,1,37423,191271,141410,136081,18569,25114
424,pfizer,5483,4869,528,1002,270,2199,1813,1240,647,1211,652,435,474,162,95,40,260,223,136,69,159,85,55,98,13,37423,191271,141410,136081,18569,25114
425,sinovac,2944,2674,207,190,85,1386,1195,621,380,726,392,330,264,118,20,16,107,86,52,30,58,19,21,28,6,37423,191271,141410,136081,18569,25114
426,astrazeneca,7519,7438,72,1240,508,4834,4412,3331,2273,3610,4693,816,3702,154,12,2,30,23,18,14,12,9,5,8,2,65710,167953,98284,149028,9566,25080
427,pfizer,5202,4656,504,913,232,2162,1786,1170,646,1225,679,460,498,150,91,37,242,217,123,86,164,85,64,75,19,65710,167953,98284,149028,9566,25080
428,sinovac,2530,2237,266,155,84,1142,1074,532,336,625,356,297,277,116,22,13,116,120,59,44,75,26,43,30,10,65710,167953,98284,149028,9566,25080
429,astrazeneca,5439,5399,40,967,376,3459,3325,2453,1769,2662,3515,679,2914,124,5,1,18,18,7,5,9,5,3,6,0,76763,158211,89256,148055,9766,20067
430,pfizer,4773,4476,290,871,225,1968,1570,1123,558,1057,594,354,406,130,55,21,133,136,78,53,81,56,36,53,8,76763,158211,89256,148055,9766,20067
431,sinovac,2411,2221,179,151,60,1145,1052,574,342,627,351,254,217,106,18,12,78,92,41,31,47,24,29,21,10,76763,158211,89256,148055,9766,20067
432,astrazeneca,5211,5167,36,841,303,3347,3079,2341,1636,2537,3373,654,2889,131,3,2,20,12,8,7,11,5,6,7,0,75998,154548,66670,141113,8596,19257
433,pfizer,4374,3927,439,807,185,1856,1455,1012,534,1018,525,337,425,87,77,26,215,189,131,64,112,67,42,54,6,75998,154548,66670,141113,8596,19257
434,sinovac,2390,2095,283,168,70,1135,988,495,295,618,348,277,265,110,36,20,135,123,55,34,78,28,31,37,14,75998,154548,66670,141113,8596,19257
435,astrazeneca,8905,8810,71,1499,547,5883,5438,4281,2960,4545,5773,1089,4634,230,8,4,35,28,24,8,19,8,9,10,3,102083,156567,49370,74515,11397,25813
436,pfizer,4810,4254,448,872,192,1982,1652,1062,559,1081,590,430,420,112,87,35,213,205,115,74,121,68,50,61,20,102083,156567,49370,74515,11397,25813
437,sinovac,1440,1204,167,86,44,672,530,290,177,351,179,131,137,60,18,15,74,63,46,23,37,18,18,18,9,102083,156567,49370,74515,11397,25813
438,astrazeneca,7056,6996,46,1178,413,4754,4246,3310,2285,3593,4641,803,3460,145,4,0,20,15,8,6,10,9,2,7,0,105138,183351,53200,70409,12278,23130
439,pfizer,5827,5216,544,1039,232,2369,1874,1327,655,1271,687,475,501,169,87,22,243,236,139,77,132,72,53,82,17,105138,183351,53200,70409,12278,23130
440,sinovac,1268,1115,119,85,32,613,520,260,166,321,181,149,109,59,11,5,53,52,27,20,27,19,20,19,7,105138,183351,53200,70409,12278,23130
441,astrazeneca,7214,7169,38,1325,450,4854,4505,3435,2427,3688,4731,884,3347,170,7,3,22,15,10,6,8,8,2,11,3,111402,189512,55335,63184,10177,23024
442,pfizer,6002,5504,422,1067,253,2526,2006,1399,688,1351,689,502,519,162,65,26,202,179,90,44,106,60,44,43,11,111402,189512,55335,63184,10177,23024
443,sinovac,774,661,70,48,21,347,314,153,102,210,108,90,71,45,15,9,37,39,17,21,31,15,13,13,7,111402,189512,55335,63184,10177,23024
444,astrazeneca,7328,7248,59,1374,523,4944,4498,3443,2354,3745,4767,867,3389,164,6,0,32,30,14,6,14,10,5,9,0,111167,170118,49843,72528,11889,22878
445,pfizer,4856,4303,475,817,224,1941,1591,1032,535,996,579,394,357,135,85,24,223,190,116,62,109,79,36,57,14,111167,170118,49843,72528,11889,22878
446,sinovac,1116,937,141,91,35,481,431,249,153,276,149,138,114,60,21,6,62,68,43,21,42,14,12,14,6,111167,170118,49843,72528,11889,22878
447,astrazeneca,6848,6812,32,1328,469,4671,4310,3313,2273,3573,4488,857,3431,135,3,0,12,10,7,3,8,4,5,7,0,101981,128389,47344,67181,10515,21567
448,pfizer,4152,3848,230,780,178,1744,1395,965,511,917,481,373,341,99,40,15,106,90,53,33,64,40,19,24,7,101981,128389,47344,67181,10515,21567
449,sinovac,759,627,85,48,13,315,286,128,88,161,87,80,69,39,5,5,34,43,22,12,13,6,7,5,1,101981,128389,47344,67181,10515,21567
450,astrazeneca,4721,4703,14,907,323,3072,2997,2185,1585,2435,3129,579,2395,105,1,0,5,5,1,0,3,1,0,1,0,104189,108330,46659,76947,12830,18526
451,pfizer,3165,2986,164,572,152,1322,1053,703,386,678,338,263,253,107,25,12,74,78,45,33,41,24,18,18,5,104189,108330,46659,76947,12830,18526
452,sinovac,824,734,82,65,26,368,340,162,127,208,122,90,89,47,8,7,31,30,18,11,20,13,9,9,6,104189,108330,46659,76947,12830,18526
453,astrazeneca,4606,4580,11,845,317,2956,2906,2187,1544,2351,3110,590,2477,103,3,0,4,4,4,1,1,4,0,1,0,107377,80260,35023,73969,12661,16308
454,pfizer,2274,2147,93,372,111,950,850,543,292,533,261,203,223,61,14,5,39,32,21,16,19,10,4,12,4,107377,80260,35023,73969,12661,16308
455,sinovac,947,879,65,61,29,470,367,228,128,234,117,102,109,36,8,5,24,28,15,9,15,4,13,8,6,107377,80260,35023,73969,12661,16308
456,astrazeneca,3607,3412,186,682,152,1525,1256,822,452,785,432,303,273,107,34,5,81,67,43,16,50,27,21,26,3,152641,100824,32848,70298,11007,20953
457,pfizer,3687,3412,186,682,152,1525,1256,822,452,785,432,303,273,107,34,5,81,67,43,16,50,27,21,26,3,152641,100824,32848,70298,11007,20953
458,sinovac,786,680,58,47,20,331,309,160,104,202,102,75,78,42,4,5,21,27,12,7,9,4,11,2,4,152641,100824,32848,70298,11007,20953
459,astrazeneca,5947,5896,49,1029,338,3952,3767,2904,1997,3080,4005,764,3353,136,6,2,22,18,14,9,11,7,5,7,1,103978,70675,16750,64290,8730,21011
460,pfizer,2642,2378,240,456,121,1140,839,571,282,567,305,200,219,59,36,11,108,96,47,28,61,35,25,28,9,103978,70675,16750,64290,8730,21011
461,sinovac,626,529,85,36,16,283,249,127,88,161,107,77,78,32,12,9,36,38,23,12,23,10,16,9,7,103978,70675,16750,64290,8730,21011
462,astrazeneca,5280,5218,47,972,294,3559,3433,2565,1923,2846,3606,739,2758,136,5,2,20,28,18,10,16,7,8,11,1,157301,107033,32097,98255,12350,21557
463,pfizer,4126,3750,294,726,182,1710,1436,912,481,921,464,335,334,98,55,20,137,130,86,48,82,34,27,28,8,157301,107033,32097,98255,12350,21557
464,sinovac,1051,860,134,59,30,435,407,198,147,258,137,112,97,43,12,9,63,63,22,12,35,17,14,9,4,157301,107033,32097,98255,12350,21557
465,astrazeneca,4137,4053,52,816,290,2698,2606,2005,1421,2164,2665,617,2147,143,6,3,25,24,17,11,17,14,5,12,1,160682,86822,23403,95864,13209,21608
466,pfizer,3288,3027,174,609,154,1374,1140,712,385,773,375,291,307,90,28,11,86,69,43,28,60,27,23,33,2,160682,86822,23403,95864,13209,21608
467,sinovac,1251,1085,120,71,38,553,517,276,189,295,146,124,102,59,14,5,50,52,27,18,28,16,13,10,5,160682,86822,23403,95864,13209,21608
468,astrazeneca,4105,4033,56,796,289,2690,2631,1922,1392,2127,2758,561,2131,119,5,1,27,30,19,7,15,17,7,14,0,125388,63281,25594,111287,6293,22128
469,pfizer,2427,2233,122,423,98,937,847,543,283,542,281,202,247,62,31,15,51,62,33,17,38,29,14,26,5,125388,63281,25594,111287,6293,22128
470,sinovac,1170,991,159,66,35,481,468,213,150,281,172,127,129,69,10,8,78,60,37,16,35,11,13,14,6,125388,63281,25594,111287,6293,22128
471,astrazeneca,3218,3166,50,621,208,2082,2098,1489,1122,1686,2135,477,1709,97,4,2,24,24,8,5,15,8,6,5,1,114818,46769,24207,115446,9287,18774
472,pfizer,1848,1765,74,357,89,752,640,435,249,417,201,154,181,40,8,7,36,32,18,17,24,12,8,10,3,114818,46769,24207,115446,9287,18774
473,sinovac,1281,1168,103,83,48,584,535,269,178,345,198,146,169,58,8,5,48,36,16,11,31,8,9,8,8,114818,46769,24207,115446,9287,18774
474,astrazeneca,3144,3101,37,602,182,2025,2015,1496,1096,1629,2043,447,1742,104,4,2,15,16,8,5,7,8,5,5,0,115797,42351,21400,102447,8795,19117
475,pfizer,1468,1376,66,262,70,601,511,366,218,340,175,106,155,31,11,4,37,25,16,8,21,12,6,9,2,115797,42351,21400,102447,8795,19117
476,sinovac,1177,1053,116,68,30,511,461,225,143,273,156,108,135,68,19,13,52,50,38,25,39,14,16,13,13,115797,42351,21400,102447,8795,19117
477,astrazeneca,3516,3457,54,621,220,2301,2212,1680,1203,1836,2279,494,1963,125,8,3,37,30,13,12,22,8,6,6,0,118620,46956,19221,128561,5663,21886
478,pfizer,1579,1418,82,298,90,668,576,367,203,410,235,146,196,57,18,8,40,41,19,14,27,16,16,13,5,118620,46956,19221,128561,5663,21886
479,sinovac,1764,1555,187,93,53,769,742,354,240,427,246,199,234,69,13,7,88,77,48,27,47,18,20,14,11,118620,46956,19221,128561,5663,21886
480,astrazeneca,3467,3418,36,653,234,2234,2250,1615,1173,1831,2217,472,1933,112,4,0,16,13,9,5,11,14,6,10,1,122688,41144,19922,141918,2127,22136
481,pfizer,1719,1493,65,284,55,657,567,391,190,403,221,150,209,33,13,8,31,32,18,13,23,14,6,7,2,122688,41144,19922,141918,2127,22136
482,sinovac,2218,1989,199,130,58,964,902,404,295,558,284,252,298,102,15,14,90,87,45,25,46,21,23,14,11,122688,41144,19922,141918,2127,22136
483,astrazeneca,3571,3511,57,657,218,2346,2339,1706,1257,1908,2355,538,1972,108,7,4,21,29,10,6,10,11,2,13,1,111115,38135,24306,151477,3563,21589
484,pfizer,1354,1191,100,239,69,542,474,303,177,332,193,122,167,49,19,5,43,49,25,12,34,18,12,14,6,111115,38135,24306,151477,3563,21589
485,sinovac,2294,1938,331,148,71,914,895,444,281,487,284,197,328,91,37,22,142,142,64,41,68,20,37,26,15,111115,38135,24306,151477,3563,21589
486,astrazeneca,3488,3443,35,656,219,2267,2241,1692,1261,1876,2310,500,1858,104,3,2,12,10,6,5,8,12,3,6,0,118037,42658,23736,139581,3705,21913
487,pfizer,1494,1416,36,277,63,605,496,341,196,338,195,133,174,49,3,1,18,19,4,3,7,4,4,5,1,118037,42658,23736,139581,3705,21913
488,sinovac,1734,1536,176,125,50,771,731,361,243,447,261,188,227,72,10,6,81,69,39,17,39,12,16,8,6,118037,42658,23736,139581,3705,21913
489,astrazeneca,3512,3472,37,643,218,2284,2230,1666,1162,1806,2292,475,1903,91,5,4,24,22,13,10,16,10,9,9,2,97165,68938,19567,100692,3153,22286
490,pfizer,2116,1985,82,390,119,840,722,508,271,470,294,181,294,48,12,1,37,35,24,12,22,12,11,9,3,97165,68938,19567,100692,3153,22286
491,sinovac,936,859,55,47,25,429,396,214,150,229,157,118,136,48,6,3,25,26,11,5,8,4,4,5,2,97165,68938,19567,100692,3153,22286
492,astrazeneca,2794,2768,26,539,207,1779,1807,1323,972,1431,1889,411,1654,72,2,1,18,17,8,5,11,7,5,5,0,76630,75919,18711,87855,1353,18926
493,pfizer,2115,2021,91,427,89,891,732,479,272,468,276,169,251,47,12,2,40,28,25,15,22,17,4,13,1,76630,75919,18711,87855,1353,18926
494,sinovac,668,640,26,39,21,322,303,170,120,187,93,97,87,42,2,1,10,11,9,4,4,1,2,2,1,76630,75919,18711,87855,1353,18926
495,astrazeneca,2578,2552,23,520,175,1698,1694,1228,909,1399,1700,371,1543,74,5,1,16,11,7,4,7,6,4,1,0,69453,75390,13998,67083,1033,18630
496,pfizer,2043,1936,82,369,86,892,703,484,265,509,255,179,236,68,12,4,34,32,18,11,20,11,9,12,1,69453,75390,13998,67083,1033,18630
497,sinovac,484,458,11,37,10,233,217,119,87,163,92,74,72,35,0,0,4,6,2,1,2,3,1,2,0,69453,75390,13998,67083,1033,18630
498,astrazeneca,3112,3077,27,528,192,1994,2017,1558,1085,1640,2014,408,1806,101,4,1,14,9,3,4,6,5,1,5,1,61394,97520,16109,50702,1089,21304
499,pfizer,2454,2256,98,464,108,1011,872,611,327,566,331,214,290,75,21,5,39,38,18,15,24,12,11,15,8,61394,97520,16109,50702,1089,21304
500,sinovac,423,380,17,26,11,189,181,95,64,118,76,63,52,19,3,0,8,7,2,1,3,3,3,1,1,61394,97520,16109,50702,1089,21304
501,astrazeneca,2890,2852,31,506,168,1865,1861,1345,968,1486,1839,373,1739,82,5,0,16,19,10,5,13,10,6,8,0,60423,108602,17319,56848,720,18911
502,pfizer,2597,2410,135,449,92,1025,836,598,318,593,341,202,381,49,28,7,64,52,36,25,32,24,11,17,2,60423,108602,17319,56848,720,18911
503,sinovac,403,366,25,28,8,184,178,92,67,115,69,51,62,23,1,0,10,11,4,3,3,0,1,1,0,60423,108602,17319,56848,720,18911
504,astrazeneca,3087,3050,32,580,218,2025,1979,1493,1101,1697,2059,473,1793,77,4,2,12,10,6,3,3,4,5,3,1,60600,116420,13107,58256,1069,21340
505,pfizer,2655,2457,131,503,124,1113,912,635,351,631,372,225,343,100,27,12,65,54,36,21,34,24,17,18,6,60600,116420,13107,58256,1069,21340
506,sinovac,410,359,19,21,10,182,173,84,52,98,53,50,51,26,2,2,14,8,3,5,12,3,2,2,3,60600,116420,13107,58256,1069,21340
507,astrazeneca,3017,2995,22,561,189,1975,1912,1451,1060,1627,1970,430,1468,89,4,2,13,10,6,3,7,5,1,3,0,55588,83023,10443,45414,435,23170
508,pfizer,1882,1818,63,388,90,820,665,462,285,468,233,158,185,45,13,3,28,25,18,9,16,10,9,12,1,55588,83023,10443,45414,435,23170
509,sinovac,339,327,9,22,9,175,157,84,61,101,54,47,48,29,1,1,5,5,0,1,3,0,1,2,0,55588,83023,10443,45414,435,23170
510,astrazeneca,2382,2358,23,426,143,1559,1520,1084,823,1293,1521,331,1117,84,0,0,10,7,6,3,8,7,0,4,0,69820,104463,10848,52120,605,22496
511,pfizer,2586,2413,159,474,122,1053,896,595,302,572,305,212,241,83,27,9,66,54,32,21,36,23,9,9,1,69820,104463,10848,52120,605,22496
512,sinovac,284,262,21,26,5,127,100,62,51,74,37,30,36,14,2,0,7,10,5,1,4,1,3,1,2,69820,104463,10848,52120,605,22496
513,astrazeneca,2600,2579,21,503,174,1689,1707,1280,893,1340,1744,385,1231,76,3,0,6,8,6,2,6,3,4,4,0,68347,104325,10060,48766,695,18802
514,pfizer,2067,1981,76,421,131,862,742,511,306,508,271,185,197,57,11,3,29,29,15,11,26,13,9,11,1,68347,104325,10060,48766,695,18802
515,sinovac,299,281,13,24,8,146,125,77,62,89,55,34,42,17,0,0,5,4,2,1,1,2,1,0,0,68347,104325,10060,48766,695,18802
516,astrazeneca,2949,2921,26,581,219,1893,1903,1427,1011,1560,1951,440,1372,96,6,2,14,10,5,6,9,5,3,5,0,58075,110406,8424,38523,155,20553
517,pfizer,2095,2001,69,377,87,838,744,492,296,473,274,176,242,66,14,6,27,25,17,12,21,13,6,11,2,58075,110406,8424,38523,155,20553
518,sinovac,291,265,13,16,8,135,126,72,43,77,47,31,49,15,0,0,6,5,1,3,2,0,1,1,1,58075,110406,8424,38523,155,20553
519,astrazeneca,2873,2819,42,552,207,1943,1834,1388,1033,1557,1886,390,1370,98,8,2,23,23,17,11,16,11,7,8,0,91313,149946,9991,36590,166,22420
520,pfizer,3124,2840,185,561,119,1230,1083,650,384,687,349,243,315,73,43,12,86,88,42,31,58,28,20,24,7,91313,149946,9991,36590,166,22420
521,sinovac,219,186,11,15,5,96,89,46,32,53,31,35,22,17,1,0,6,1,1,1,3,1,1,1,0,91313,149946,9991,36590,166,22420
522,astrazeneca,2468,2432,25,450,167,1641,1583,1200,855,1352,1629,358,1143,91,4,0,17,13,5,4,8,7,2,6,0,119190,104001,7755,20389,592,20450
523,pfizer,2612,2442,95,518,115,1092,943,616,335,614,365,199,284,47,22,4,43,41,28,14,27,13,9,9,2,119190,104001,7755,20389,592,20450
524,sinovac,133,113,6,15,2,65,51,38,25,46,15,15,16,7,1,0,3,1,1,0,1,0,0,1,0,119190,104001,7755,20389,592,20450
525,astrazeneca,2908,2857,44,604,215,1954,1904,1435,1063,1589,1911,445,1298,107,6,2,20,19,8,6,16,9,6,5,2,118696,153949,8053,34245,44,21586
526,pfizer,3225,2951,228,574,154,1343,1204,758,416,780,421,306,358,88,42,21,107,120,61,40,67,37,33,23,9,118696,153949,8053,34245,44,21586
527,sinovac,186,162,11,15,4,87,77,49,37,60,26,22,27,9,2,3,4,4,4,3,4,4,2,2,1,118696,153949,8053,34245,44,21586
528,astrazeneca,2904,2862,39,540,180,1911,1851,1365,1008,1533,1847,434,1272,95,7,2,21,17,8,7,9,7,3,3,1,131367,159291,7723,26460,58,21265
529,pfizer,3204,2909,237,592,156,1294,1103,702,433,730,397,262,383,97,41,13,97,102,54,27,56,48,28,24,6,131367,159291,7723,26460,58,21265
530,sinovac,171,146,17,6,2,70,73,36,33,44,33,18,26,9,1,1,5,6,5,2,3,2,2,2,1,131367,159291,7723,26460,58,21265
531,astrazeneca,2618,2583,32,464,139,1732,1664,1261,932,1370,1712,389,1253,92,4,3,22,18,16,11,19,11,8,13,3,116060,120289,7361,27688,77,19838
532,pfizer,2593,2438,124,484,132,1089,970,594,314,627,298,202,277,72,21,7,52,51,23,20,27,17,12,11,6,116060,120289,7361,27688,77,19838
533,sinovac,173,153,12,13,7,72,75,37,30,49,29,19,23,15,2,3,6,5,2,3,3,2,3,1,1,116060,120289,7361,27688,77,19838
534,astrazeneca,2186,2160,26,388,137,1443,1413,1014,780,1219,1429,325,1019,68,0,0,15,12,4,4,12,5,2,1,0,114318,111253,5286,26920,557,17998
535,pfizer,1892,1820,67,374,97,797,670,473,258,468,229,168,182,52,16,8,35,36,15,14,18,11,9,7,6,114318,111253,5286,26920,557,17998
536,sinovac,163,156,7,17,14,78,87,39,25,54,27,22,25,11,1,0,1,3,0,1,1,2,0,1,0,114318,111253,5286,26920,557,17998
537,astrazeneca,2316,2290,24,490,179,1481,1509,1133,899,1268,1548,347,1119,76,2,1,9,12,8,5,6,5,1,3,1,115054,112758,5634,24307,465,23829
538,pfizer,1953,1835,101,356,82,831,716,495,286,484,235,163,159,52,28,15,46,37,31,23,34,20,19,18,10,115054,112758,5634,24307,465,23829
539,sinovac,175,163,7,13,5,88,78,53,38,58,31,20,30,6,0,0,3,4,1,2,0,0,0,1,0,115054,112758,5634,24307,465,23829
540,astrazeneca,2510,2471,34,433,155,1608,1624,1195,876,1327,1647,394,1196,92,3,1,16,18,9,6,11,7,4,4,3,170116,115523,5713,22203,330,23451
541,pfizer,2240,2027,125,411,113,951,826,543,299,543,290,216,223,54,21,15,55,63,39,24,45,18,13,16,5,170116,115523,5713,22203,330,23451
542,sinovac,176,152,8,8,9,78,77,47,31,49,38,20,17,13,0,1,5,3,2,2,4,0,3,0,1,170116,115523,5713,22203,330,23451
543,astrazeneca,2381,2345,32,449,136,1506,1550,1153,894,1303,1555,377,1162,81,5,2,14,16,5,4,9,9,3,7,1,168621,121832,4983,22676,355,23700
544,pfizer,2313,2118,126,426,99,952,776,530,259,529,295,179,201,45,19,7,63,52,32,22,38,24,17,12,6,168621,121832,4983,22676,355,23700
545,sinovac,171,149,16,13,8,81,69,37,28,57,34,20,25,14,3,2,7,4,4,3,4,4,2,1,2,168621,121832,4983,22676,355,23700
546,astrazeneca,1321,1294,26,275,67,788,855,610,527,680,858,218,662,43,6,4,14,11,9,7,10,9,6,7,1,191633,113713,4821,24208,764,19607
547,pfizer,2240,2007,144,417,103,932,769,525,279,521,288,171,217,74,21,11,63,72,44,29,42,32,22,21,5,191633,113713,4821,24208,764,19607
548,sinovac,158,131,13,8,6,60,62,44,29,45,27,18,17,12,3,1,5,2,4,2,6,2,1,0,0,191633,113713,4821,24208,764,19607
549,astrazeneca,1717,1686,26,332,96,1078,1098,865,689,952,1119,270,816,62,5,1,11,15,6,2,6,6,3,6,0,165923,121920,5273,25934,287,20782
550,pfizer,2033,1746,138,360,93,802,679,462,244,440,206,159,185,57,33,15,56,60,35,22,38,30,18,18,7,165923,121920,5273,25934,287,20782
551,sinovac,196,157,22,14,10,97,87,56,40,69,40,30,31,14,2,1,7,12,3,1,3,3,2,1,0,165923,121920,5273,25934,287,20782
552,astrazeneca,2172,2151,19,432,126,1307,1466,1005,789,1151,1450,363,1108,67,0,0,9,5,4,2,7,6,1,4,1,102350,87200,3274,19828,87,34960
553,pfizer,1529,1382,77,250,62,607,555,368,180,327,219,126,147,52,18,7,38,29,18,9,18,16,11,10,0,102350,87200,3274,19828,87,34960
554,sinovac,147,128,14,4,5,64,53,33,32,42,21,14,19,0,9,1,1,9,4,7,4,5,5,3,3,102350,87200,3274,19828,87,34960
555,astrazeneca,2878,2849,29,536,181,1770,1853,1308,1043,1496,1862,447,1471,102,4,1,13,10,9,4,8,5,2,4,1,89376,76881,3276,19587,119,33151
556,pfizer,969,932,31,166,49,440,359,259,131,251,134,74,104,29,8,5,20,15,10,7,14,10,6,8,3,89376,76881,3276,19587,119,33151
557,sinovac,110,106,3,10,9,54,47,26,22,35,23,10,13,6,3,1,1,3,3,2,1,2,1,1,1,89376,76881,3276,19587,119,33151
558,astrazeneca,2601,2585,16,479,143,1617,1707,1229,964,1435,1724,452,1351,100,1,0,12,8,3,2,6,2,2,4,1,96454,70762,2969,13920,17,33601
559,pfizer,1108,1061,37,238,54,461,395,268,125,264,167,85,106,38,7,1,16,10,8,7,10,6,7,5,1,96454,70762,2969,13920,17,33601
560,sinovac,95,86,6,9,2,44,47,23,19,36,24,15,18,6,1,0,1,4,1,0,0,1,1,0,0,96454,70762,2969,13920,17,33601
561,astrazeneca,1630,1607,20,318,85,967,1078,709,584,812,1042,255,845,47,4,1,9,11,4,2,7,4,3,3,1,126154,63207,3746,14795,149,27286
562,pfizer,1102,1007,34,185,51,445,387,247,132,254,151,87,109,35,10,3,22,24,12,8,13,9,8,7,5,126154,63207,3746,14795,149,27286
563,sinovac,118,100,4,4,4,48,38,37,24,29,15,18,16,7,1,1,3,3,3,2,3,1,1,1,1,126154,63207,3746,14795,149,27286
564,astrazeneca,1402,1379,19,284,91,829,942,642,499,702,951,239,701,55,5,1,10,11,4,4,7,7,2,5,2,122288,62476,3571,17402,136,26949
565,pfizer,1200,1051,51,179,54,496,401,269,128,244,161,80,119,35,11,3,20,16,15,12,11,4,5,5,3,122288,62476,3571,17402,136,26949
566,sinovac,82,68,5,5,5,33,32,24,22,22,23,12,13,7,0,0,1,4,1,0,1,2,1,0,0,122288,62476,3571,17402,136,26949
567,astrazeneca,1160,1140,18,226,71,681,774,523,458,622,763,190,642,35,5,3,8,11,3,4,3,4,2,7,2,112235,63547,3172,13461,168,24659
568,pfizer,1052,973,27,179,48,457,359,279,141,256,146,90,102,54,5,1,12,6,8,6,8,7,3,3,1,112235,63547,3172,13461,168,24659
569,sinovac,98,90,3,5,3,45,47,27,19,32,20,17,20,16,0,0,1,2,2,0,1,0,1,0,0,112235,63547,3172,13461,168,24659
570,astrazeneca,1461,1450,11,272,100,886,994,652,564,753,982,247,753,47,0,1,2,3,2,0,3,4,3,1,0,106113,56828,3854,10947,22,25427
571,pfizer,1088,1015,33,199,64,464,370,240,118,260,150,69,98,22,5,1,15,16,10,8,11,4,4,6,2,106113,56828,3854,10947,22,25427
572,sinovac,106,93,6,10,4,51,50,20,14,30,17,15,17,5,1,0,5,3,3,2,3,2,1,1,0,106113,56828,3854,10947,22,25427
573,astrazeneca,1898,1878,19,344,91,1195,1211,913,683,998,1285,275,990,46,2,3,12,8,4,5,7,3,3,1,0,71911,68794,3871,12389,26,25337
574,pfizer,1050,1004,36,192,50,468,374,274,113,265,140,80,111,32,9,5,14,16,8,6,13,8,3,7,2,71911,68794,3871,12389,26,25337
575,sinovac,49,44,2,2,0,28,20,15,7,13,11,6,5,1,0,0,0,1,1,1,0,1,1,0,0,71911,68794,3871,12389,26,25337
576,astrazeneca,2203,2191,11,399,115,1331,1422,981,803,1164,1471,327,1149,73,1,2,6,4,0,0,1,2,1,1,0,38162,61620,2733,13420,78,34354
577,pfizer,653,628,22,153,43,304,233,169,81,162,103,43,80,16,6,2,12,9,7,4,9,2,6,3,0,38162,61620,2733,13420,78,34354
578,sinovac,92,88,2,6,4,47,35,30,20,32,15,13,12,13,1,0,1,1,1,1,1,0,0,0,1,38162,61620,2733,13420,78,34354
579,astrazeneca,2370,2352,13,455,133,1476,1561,1122,892,1287,1609,370,1328,59,4,3,7,2,2,2,3,3,0,2,0,30770,59908,2183,10316,15,33318
580,pfizer,579,535,19,121,37,251,204,141,64,137,79,45,65,16,2,1,6,4,3,0,3,6,0,1,1,30770,59908,2183,10316,15,33318
581,sinovac,73,65,2,5,3,35,27,12,10,19,14,10,10,1,0,0,1,0,1,1,1,0,0,0,0,30770,59908,2183,10316,15,33318
582,astrazeneca,2211,2164,38,437,125,1320,1447,951,782,1137,1490,341,1138,72,11,4,22,23,17,10,17,10,4,6,1,50913,89383,3032,12012,87,39134
583,pfizer,1161,1052,52,227,52,539,439,259,165,299,182,106,142,32,9,3,28,24,8,8,0,0,0,0,0,50913,89383,3032,12012,87,39134
584,sinovac,85,77,1,8,3,51,46,20,19,39,17,18,11,7,0,0,0,0,0,0,0,0,0,0,0,50913,89383,3032,12012,87,39134
585,astrazeneca,1743,1687,33,305,101,1030,1118,750,639,922,1103,271,879,48,4,0,14,14,5,7,11,6,3,3,3,54068,119534,3142,10671,72,28070
586,pfizer,1575,1374,112,304,69,660,576,351,189,396,217,128,145,38,30,7,55,52,27,15,27,20,10,8,2,54068,119534,3142,10671,72,28070
587,sinovac,115,77,5,10,4,44,33,18,15,34,18,13,11,4,0,0,2,2,1,2,1,1,0,1,1,54068,119534,3142,10671,72,28070
588,astrazeneca,2164,2109,38,443,158,1289,1407,969,805,1139,1412,365,1107,75,5,1,21,11,11,4,16,7,1,6,2,50282,115781,2745,10468,52,34761
589,pfizer,1479,1311,117,271,62,676,587,360,174,395,230,139,161,41,20,5,57,52,21,13,30,21,15,10,0,50282,115781,2745,10468,52,34761
590,sinovac,117,87,5,11,2,47,53,30,23,39,13,14,12,8,1,0,4,2,2,1,1,0,0,0,1,50282,115781,2745,10468,52,34761
591,astrazeneca,1472,1431,28,306,103,884,947,630,544,762,968,234,761,48,7,3,18,15,7,9,15,9,9,6,3,39040,131997,2943,9528,55,27550
592,pfizer,1697,1484,143,295,81,753,606,400,195,410,241,116,147,41,28,12,62,62,33,16,34,18,13,12,4,39040,131997,2943,9528,55,27550
593,sinovac,72,64,2,8,1,28,34,12,12,21,13,6,9,8,0,0,0,1,0,0,0,0,0,0,0,39040,131997,2943,9528,55,27550
594,astrazeneca,941,924,14,203,54,574,604,400,354,521,604,138,507,35,3,1,3,8,3,5,3,4,2,1,0,34020,111137,3050,8685,28,16604
595,pfizer,1433,1325,92,245,75,674,536,343,161,356,173,113,101,38,18,3,41,40,19,9,26,13,6,7,0,34020,111137,3050,8685,28,16604
596,sinovac,66,62,2,7,6,40,36,24,15,25,18,12,9,8,1,0,2,1,1,1,1,1,1,0,0,34020,111137,3050,8685,28,16604
597,astrazeneca,959,944,15,177,65,563,629,406,349,497,639,160,502,29,1,0,7,5,5,3,5,3,1,2,0,14146,97614,2066,5318,10,14564
598,pfizer,1002,952,33,178,52,477,388,253,95,263,168,70,85,31,8,3,23,15,11,6,11,8,3,5,4,14146,97614,2066,5318,10,14564
599,sinovac,19,15,0,2,0,10,8,2,4,7,0,3,2,0,0,0,0,0,0,0,0,0,0,0,0,14146,97614,2066,5318,10,14564
600,astrazeneca,569,559,4,96,25,358,376,244,197,295,385,85,314,11,2,1,3,3,1,1,2,1,0,2,0,15296,108159,1557,4928,3,8636
601,pfizer,1136,1067,40,220,64,522,492,289,125,287,192,103,130,21,5,2,17,26,6,3,10,9,3,7,0,15296,108159,1557,4928,3,8636
602,sinovac,23,18,0,2,1,5,5,2,4,6,4,3,2,3,0,0,0,0,0,0,0,0,0,0,0,15296,108159,1557,4928,3,8636
603,astrazeneca,615,602,12,127,35,344,400,275,206,302,400,89,310,21,4,0,6,6,3,3,4,3,1,2,0,29737,158077,3029,5741,15,9807
604,pfizer,1809,1621,162,300,86,820,707,422,211,410,285,131,179,38,28,15,83,59,28,16,43,23,12,12,3,29737,158077,3029,5741,15,9807
605,sinovac,71,51,11,5,5,26,29,18,15,18,7,10,6,2,1,0,4,6,2,0,3,2,1,1,1,29737,158077,3029,5741,15,9807
606,astrazeneca,943,936,7,187,47,518,603,392,300,443,583,113,424,23,0,0,6,4,1,2,1,1,0,1,0,13215,112491,1801,2381,2,7646
607,pfizer,1442,1372,62,271,68,682,520,326,131,352,244,104,170,28,18,3,38,29,22,8,24,11,6,10,1,13215,112491,1801,2381,2,7646
608,sinovac,21,16,0,3,2,10,7,4,3,3,1,2,2,0,0,0,0,0,0,0,0,0,0,0,0,13215,112491,1801,2381,2,7646
609,astrazeneca,807,786,15,148,36,439,493,326,262,392,516,109,360,15,2,0,6,9,2,2,4,5,1,3,1,28482,204494,2292,4860,84,10088
610,pfizer,2084,1723,243,340,93,840,694,417,184,439,323,158,237,46,44,14,113,112,63,25,64,45,19,32,1,28482,204494,2292,4860,84,10088
611,sinovac,57,47,5,4,3,32,21,16,13,24,17,8,9,2,0,0,3,2,1,0,1,0,0,0,0,28482,204494,2292,4860,84,10088
612,astrazeneca,499,486,10,100,25,281,330,205,155,243,340,75,246,16,1,0,4,4,2,2,4,5,1,0,0,29506,175416,2865,5540,8,11917
613,pfizer,1861,1608,186,314,80,772,667,398,147,385,280,124,245,43,23,5,88,89,35,20,46,30,17,18,5,29506,175416,2865,5540,8,11917
614,sinovac,65,54,5,7,4,31,29,19,14,24,12,10,11,11,0,0,0,3,0,0,1,0,0,0,1,29506,175416,2865,5540,8,11917
615,astrazeneca,399,389,6,77,22,223,248,169,128,200,269,66,208,10,1,0,5,3,0,3,4,1,0,0,0,25083,106767,2720,4201,8,7033
616,pfizer,1134,1025,68,199,48,481,401,258,112,238,183,70,110,32,5,0,30,20,13,4,14,6,2,7,1,25083,106767,2720,4201,8,7033
617,sinovac,41,33,0,4,3,17,16,11,9,14,11,4,5,5,0,0,0,0,0,0,0,0,0,0,0,25083,106767,2720,4201,8,7033
618,astrazeneca,310,309,1,73,20,184,205,137,118,153,213,51,173,10,0,0,1,1,0,0,0,0,0,0,0,10081,89413,1713,3986,4,6773
619,pfizer,667,640,22,117,28,283,236,153,74,139,139,43,88,16,3,2,10,9,3,2,9,5,0,6,1,10081,89413,1713,3986,4,6773
620,sinovac,26,23,1,5,2,14,12,6,3,7,7,0,6,1,0,0,0,0,0,0,0,0,0,0,0,10081,89413,1713,3986,4,6773
621,astrazeneca,293,290,1,72,20,184,194,137,100,166,202,42,172,12,0,0,1,1,0,0,1,1,0,0,0,9238,101921,2045,2742,12,6579
622,pfizer,695,660,20,142,43,308,252,183,67,161,122,53,78,21,1,0,12,7,4,2,4,6,3,2,0,9238,101921,2045,2742,12,6579
623,sinovac,21,19,1,4,3,14,14,11,10,12,6,4,4,3,0,0,1,1,0,0,0,0,0,0,0,9238,101921,2045,2742,12,6579
624,astrazeneca,267,255,9,59,22,162,166,121,82,147,171,48,152,14,2,1,5,5,1,2,1,0,0,0,1,21640,134991,2150,4356,4,6111
625,pfizer,1155,1009,84,186,55,458,388,245,101,226,185,73,111,26,17,5,49,40,29,8,27,18,9,9,2,21640,134991,2150,4356,4,6111
626,sinovac,48,41,1,2,2,23,18,12,8,21,8,9,8,3,1,1,1,1,1,1,1,1,1,1,0,21640,134991,2150,4356,4,6111
627,astrazeneca,267,248,11,42,18,160,173,125,100,137,165,47,140,13,4,2,5,4,2,1,3,1,0,3,1,22708,129664,2206,6154,5,4905
628,pfizer,1078,960,48,189,61,466,376,213,99,218,196,73,103,34,6,6,24,16,10,4,13,8,4,4,1,22708,129664,2206,6154,5,4905
629,sinovac,49,41,1,5,5,22,22,13,10,20,8,13,9,8,0,0,0,0,0,0,0,0,0,1,1,22708,129664,2206,6154,5,4905
630,astrazeneca,161,151,5,32,12,87,102,65,47,80,102,31,84,6,2,1,3,3,2,1,2,2,1,2,1,17373,117262,1971,5941,5,3906
631,pfizer,1052,931,65,193,52,456,374,248,98,231,183,70,100,35,10,1,27,22,17,6,19,7,4,9,0,17373,117262,1971,5941,5,3906
632,sinovac,73,60,2,3,2,36,31,16,16,28,13,9,9,8,0,0,2,0,1,1,0,0,0,0,0,17373,117262,1971,5941,5,3906
633,astrazeneca,153,141,4,24,15,91,94,56,51,80,88,26,72,6,0,1,1,1,1,0,1,1,0,0,0,17632,110531,1966,5792,7,3124
634,pfizer,1042,894,74,157,58,429,322,196,94,214,154,51,79,26,21,5,36,32,14,7,15,14,4,6,1,17632,110531,1966,5792,7,3124
635,sinovac,60,47,3,6,4,28,21,15,10,20,6,8,7,3,1,1,1,1,2,1,3,0,0,0,1,17632,110531,1966,5792,7,3124
636,astrazeneca,168,165,2,33,10,109,111,71,58,88,113,25,91,4,0,0,1,1,1,1,1,1,0,0,0,13326,77410,2003,4319,1,1932
637,pfizer,779,711,19,134,37,332,228,190,72,157,104,51,50,25,2,1,6,5,3,2,4,4,1,4,0,13326,77410,2003,4319,1,1932
638,sinovac,43,34,3,1,0,16,17,10,6,9,4,6,4,3,0,0,1,0,2,1,1,0,0,0,1,13326,77410,2003,4319,1,1932
639,astrazeneca,99,99,0,23,8,59,62,42,47,50,68,16,47,4,0,0,0,0,0,0,0,0,0,0,0,5122,43820,1863,3199,0,4251
640,pfizer,269,261,5,56,20,136,98,65,34,68,43,17,26,3,0,1,2,2,1,0,1,0,0,0,0,5122,43820,1863,3199,0,4251
641,sinovac,23,22,0,0,0,8,11,3,1,5,3,5,1,1,0,0,0,0,0,0,0,0,0,0,0,5122,43820,1863,3199,0,4251
642,astrazeneca,135,131,3,24,10,75,93,54,56,86,92,28,68,10,0,1,2,2,2,2,3,1,1,0,0,4824,36324,1576,2232,1,5001
643,pfizer,279,223,11,58,11,118,80,54,22,60,39,21,18,6,2,0,7,6,4,1,5,3,0,4,0,4824,36324,1576,2232,1,5001
644,sinovac,16,14,0,1,0,6,8,4,4,5,2,3,2,0,0,0,0,0,0,0,0,0,0,0,0,4824,36324,1576,2232,1,5001
